<?xml version="1.0" encoding="UTF-8" standalone="yes"?>
<addon id="plugin.video.tamilkodi" name="Tamil KODI" version="1.0" provider-name="cyberrule">
  <requires>
    <import addon="xbmc.python" version="2.1.0"/>
	<import addon="script.module.simplejson" version="2.0.10" />
    <import addon="script.module.beautifulsoup" version="3.2.0"/>
    <import addon="script.module.urlresolver" version="2.0.9"/>
    <import addon="script.module.t0mm0.common" version="2.1.1"/>
  </requires>
  <extension point="xbmc.python.pluginsource" library="default.py">
        <provides>video</provides>
  </extension>
  <extension point="xbmc.addon.metadata">
    <summary lang="en">Tamil KODI gives you Tamil Entertainment</summary>
    <description lang="en">Links to watch Tamil TV Shows and Movies.
report script error to facebook.com/tamilKODITV or cyberrule.mail@gmail.com</description>
    <platform>all</platform>
    <language></language>
    <license>GNU GENERAL PUBLIC LICENSE. Version 2, June 1991</license>
    <forum></forum>
    <website></website>
    <source></source>
    <email>cyberrule.mail@gmail.com</email>
  </extension>
</addon>
